recorded_time,temperature
2021-04-24T00:00,-2.3162912087912098
2021-04-24T00:01,-2.356291208791209
2021-04-24T00:02,-2.341291208791212
2021-04-24T00:03,-2.301291208791209
2021-04-24T00:04,-2.2412912087912105
2021-04-24T00:05,-2.2412912087912105
2021-04-24T00:06,-2.2412912087912105
2021-04-24T00:07,-2.22629120879121
2021-04-24T00:08,-2.2412912087912105
2021-04-24T00:09,-2.22629120879121
2021-04-24T00:10,-2.1762912087912127
2021-04-24T00:11,-2.1962912087912088
2021-04-24T00:12,-2.2512912087912085
2021-04-24T00:13,-2.3112912087912107
2021-04-24T00:14,-2.381291208791211
2021-04-24T00:15,-2.466291208791212
2021-04-24T00:16,-2.5212912087912116
2021-04-24T00:17,-2.5312912087912096
2021-04-24T00:18,-2.6112912087912115
2021-04-24T00:19,-2.7012912087912113
2021-04-24T00:20,-2.7512912087912085
2021-04-24T00:21,-2.766291208791209
2021-04-24T00:22,-2.766291208791209
2021-04-24T00:23,-2.7412912087912105
2021-04-24T00:24,-2.8362912087912093
2021-04-24T00:25,-2.8762912087912085
2021-04-24T00:26,-2.85129120879121
2021-04-24T00:27,-2.846291208791211
2021-04-24T00:28,-2.8112912087912107
2021-04-24T00:29,-2.8312912087912103
2021-04-24T00:30,-2.846291208791211
2021-04-24T00:31,-2.846291208791211
2021-04-24T00:32,-2.8062912087912117
2021-04-24T00:33,-2.731291208791209
2021-04-24T00:34,-2.6562912087912096
2021-04-24T00:35,-2.5862912087912093
2021-04-24T00:36,-2.5212912087912116
2021-04-24T00:37,-2.4412912087912098
2021-04-24T00:38,-2.3662912087912105
2021-04-24T00:39,-2.22629120879121
2021-04-24T00:40,-2.0862912087912093
2021-04-24T00:41,-1.97629120879121
2021-04-24T00:42,-1.8212912087912088
2021-04-24T00:43,-1.766291208791209
2021-04-24T00:44,-1.7212912087912073
2021-04-24T00:45,-1.6762912087912127
2021-04-24T00:46,-1.736291208791208
2021-04-24T00:47,-1.6812912087912082
2021-04-24T00:48,-1.7112912087912093
2021-04-24T00:49,-1.6662912087912076
2021-04-24T00:50,-1.6762912087912127
2021-04-24T00:51,-1.6962912087912088
2021-04-24T00:52,-1.6862912087912107
2021-04-24T00:53,-1.6662912087912076
2021-04-24T00:54,-1.6162912087912105
2021-04-24T00:55,-1.5312912087912096
2021-04-24T00:56,-1.47629120879121
2021-04-24T00:57,-1.47629120879121
2021-04-24T00:58,-1.4212912087912102
2021-04-24T00:59,-1.4162912087912076
2021-04-24T01:00,-1.3962912087912116
2021-04-24T01:01,-1.2612912087912136
2021-04-24T01:02,-1.2112912087912093
2021-04-24T01:03,-1.1562912087912096
2021-04-24T01:04,-1.0812912087912068
2021-04-24T01:05,-0.9312912087912082
2021-04-24T01:06,-0.8562912087912125
2021-04-24T01:07,-0.8362912087912093
2021-04-24T01:08,-0.871291208791213
2021-04-24T01:09,-1.0112912087912136
2021-04-24T01:10,-1.1262912087912085
2021-04-24T01:11,-1.1612912087912122
2021-04-24T01:12,-1.1812912087912082
2021-04-24T01:13,-1.1662912087912076
2021-04-24T01:14,-1.1562912087912096
2021-04-24T01:15,-1.1162912087912105
2021-04-24T01:16,-1.0862912087912093
2021-04-24T01:17,-1.1462912087912116
2021-04-24T01:18,-1.22629120879121
2021-04-24T01:19,-1.3012912087912127
2021-04-24T01:20,-1.2812912087912096
2021-04-24T01:21,-1.2862912087912122
2021-04-24T01:22,-1.2612912087912136
2021-04-24T01:23,-1.2062912087912068
2021-04-24T01:24,-1.256291208791211
2021-04-24T01:25,-1.4112912087912122
2021-04-24T01:26,-1.6262912087912085
2021-04-24T01:27,-1.7962912087912102
2021-04-24T01:28,-1.891291208791209
2021-04-24T01:29,-1.9512912087912113
2021-04-24T01:30,-1.996291208791213
2021-04-24T01:31,-2.0412912087912076
2021-04-24T01:32,-2.1362912087912136
2021-04-24T01:33,-2.17129120879121
2021-04-24T01:34,-2.1362912087912136
2021-04-24T01:35,-2.0662912087912133
2021-04-24T01:36,-1.9912912087912105
2021-04-24T01:37,-1.9262912087912127
2021-04-24T01:38,-1.9312912087912082
2021-04-24T01:39,-1.85129120879121
2021-04-24T01:40,-1.7862912087912122
2021-04-24T01:41,-1.6712912087912102
2021-04-24T01:42,-1.5412912087912076
2021-04-24T01:43,-1.4812912087912125
2021-04-24T01:44,-1.4612912087912093
2021-04-24T01:45,-1.4712912087912073
2021-04-24T01:46,-1.4312912087912082
2021-04-24T01:47,-1.2912912087912076
2021-04-24T01:48,-1.1712912087912102
2021-04-24T01:49,-1.0762912087912113
2021-04-24T01:50,-0.996291208791213
2021-04-24T01:51,-0.9862912087912079
2021-04-24T01:52,-1.0112912087912136
2021-04-24T01:53,-1.0312912087912096
2021-04-24T01:54,-1.1062912087912125
2021-04-24T01:55,-1.1962912087912088
2021-04-24T01:56,-1.276291208791207
2021-04-24T01:57,-1.3162912087912133
2021-04-24T01:58,-1.361291208791208
2021-04-24T01:59,-1.3862912087912136
2021-04-24T02:00,-1.2962912087912102
2021-04-24T02:01,-1.2412912087912105
2021-04-24T02:02,-1.2162912087912119
2021-04-24T02:03,-1.2962912087912102
2021-04-24T02:04,-1.3312912087912068
2021-04-24T02:05,-1.35129120879121
2021-04-24T02:06,-1.35129120879121
2021-04-24T02:07,-1.3462912087912073
2021-04-24T02:08,-1.2812912087912096
2021-04-24T02:09,-1.2712912087912116
2021-04-24T02:10,-1.266291208791209
2021-04-24T02:11,-1.2212912087912073
2021-04-24T02:12,-1.246291208791213
2021-04-24T02:13,-1.2962912087912102
2021-04-24T02:14,-1.3212912087912088
2021-04-24T02:15,-1.246291208791213
2021-04-24T02:16,-1.2712912087912116
2021-04-24T02:17,-1.3112912087912107
2021-04-24T02:18,-1.361291208791208
2021-04-24T02:19,-1.3962912087912116
2021-04-24T02:20,-1.4262912087912127
2021-04-24T02:21,-1.4162912087912076
2021-04-24T02:22,-1.4362912087912107
2021-04-24T02:23,-1.4162912087912076
2021-04-24T02:24,-1.486291208791208
2021-04-24T02:25,-1.5462912087912102
2021-04-24T02:26,-1.526291208791207
2021-04-24T02:27,-1.4612912087912093
2021-04-24T02:28,-1.4162912087912076
2021-04-24T02:29,-1.381291208791211
2021-04-24T02:30,-1.3862912087912136
2021-04-24T02:31,-1.3362912087912093
2021-04-24T02:32,-1.2912912087912076
2021-04-24T02:33,-1.276291208791207
2021-04-24T02:34,-1.2812912087912096
2021-04-24T02:35,-1.3262912087912113
2021-04-24T02:36,-1.3162912087912133
2021-04-24T02:37,-1.256291208791211
2021-04-24T02:38,-1.2512912087912085
2021-04-24T02:39,-1.2612912087912136
2021-04-24T02:40,-1.2912912087912076
2021-04-24T02:41,-1.371291208791213
2021-04-24T02:42,-1.4112912087912122
2021-04-24T02:43,-1.391291208791209
2021-04-24T02:44,-1.3662912087912105
2021-04-24T02:45,-1.3412912087912119
2021-04-24T02:46,-1.3662912087912105
2021-04-24T02:47,-1.3312912087912068
2021-04-24T02:48,-1.3162912087912133
2021-04-24T02:49,-1.246291208791213
2021-04-24T02:50,-1.2012912087912113
2021-04-24T02:51,-1.1562912087912096
2021-04-24T02:52,-1.131291208791211
2021-04-24T02:53,-1.1162912087912105
2021-04-24T02:54,-1.0462912087912102
2021-04-24T02:55,-1.0862912087912093
2021-04-24T02:56,-1.121291208791213
2021-04-24T02:57,-1.0812912087912068
2021-04-24T02:58,-1.006291208791211
2021-04-24T02:59,-0.9762912087912099
2021-04-24T03:00,-0.996291208791213
2021-04-24T03:01,-1.016291208791209
2021-04-24T03:02,-1.0862912087912093
2021-04-24T03:03,-1.0562912087912082
2021-04-24T03:04,-1.0662912087912133
2021-04-24T03:05,-1.0662912087912133
2021-04-24T03:06,-1.0562912087912082
2021-04-24T03:07,-1.121291208791213
2021-04-24T03:08,-1.151291208791207
2021-04-24T03:09,-1.141291208791209
2021-04-24T03:10,-1.1712912087912102
2021-04-24T03:11,-1.2412912087912105
2021-04-24T03:12,-1.2162912087912119
2021-04-24T03:13,-1.2712912087912116
2021-04-24T03:14,-1.3312912087912068
2021-04-24T03:15,-1.381291208791211
2021-04-24T03:16,-1.4162912087912076
2021-04-24T03:17,-1.3862912087912136
2021-04-24T03:18,-1.35129120879121
2021-04-24T03:19,-1.2862912087912122
2021-04-24T03:20,-1.3162912087912133
2021-04-24T03:21,-1.3312912087912068
2021-04-24T03:22,-1.3162912087912133
2021-04-24T03:23,-1.2962912087912102
2021-04-24T03:24,-1.1962912087912088
2021-04-24T03:25,-1.1962912087912088
2021-04-24T03:26,-1.131291208791211
2021-04-24T03:27,-1.131291208791211
2021-04-24T03:28,-1.1962912087912088
2021-04-24T03:29,-1.256291208791211
2021-04-24T03:30,-1.2312912087912125
2021-04-24T03:31,-1.2512912087912085
2021-04-24T03:32,-1.2162912087912119
2021-04-24T03:33,-1.2412912087912105
2021-04-24T03:34,-1.22629120879121
2021-04-24T03:35,-1.2212912087912073
2021-04-24T03:36,-1.2062912087912068
2021-04-24T03:37,-1.246291208791213
2021-04-24T03:38,-1.2712912087912116
2021-04-24T03:39,-1.236291208791208
2021-04-24T03:40,-1.35129120879121
2021-04-24T03:41,-1.5812912087912068
2021-04-24T03:42,-1.9412912087912133
2021-04-24T03:43,-2.1062912087912125
2021-04-24T03:44,-2.1662912087912076
2021-04-24T03:45,-2.266291208791209
2021-04-24T03:46,-2.3762912087912085
2021-04-24T03:47,-2.6512912087912106
2021-04-24T03:48,-2.63629120879121
2021-04-24T03:49,-2.6112912087912115
2021-04-24T03:50,-2.6112912087912115
2021-04-24T03:51,-2.4562912087912103
2021-04-24T03:52,-2.381291208791211
2021-04-24T03:53,-2.3112912087912107
2021-04-24T03:54,-2.2712912087912116
2021-04-24T03:55,-2.1562912087912096
2021-04-24T03:56,-2.121291208791213
2021-04-24T03:57,-2.0862912087912093
2021-04-24T03:58,-2.0312912087912096
2021-04-24T03:59,-1.901291208791207
2021-04-24T04:00,-1.7912912087912076
2021-04-24T04:01,-1.72629120879121
2021-04-24T04:02,-1.6612912087912122
2021-04-24T04:03,-1.651291208791207
2021-04-24T04:04,-1.621291208791213
2021-04-24T04:05,-1.5412912087912076
2021-04-24T04:06,-1.5562912087912082
2021-04-24T04:07,-1.60129120879121
2021-04-24T04:08,-1.5312912087912096
2021-04-24T04:09,-1.4912912087912105
2021-04-24T04:10,-1.4462912087912088
2021-04-24T04:11,-1.4262912087912127
2021-04-24T04:12,-1.4212912087912102
2021-04-24T04:13,-1.391291208791209
2021-04-24T04:14,-1.3662912087912105
2021-04-24T04:15,-1.3962912087912116
2021-04-24T04:16,-1.3962912087912116
2021-04-24T04:17,-1.3562912087912125
2021-04-24T04:18,-1.4212912087912102
2021-04-24T04:19,-1.4612912087912093
2021-04-24T04:20,-1.47629120879121
2021-04-24T04:21,-1.5012912087912085
2021-04-24T04:22,-1.5012912087912085
2021-04-24T04:23,-1.5462912087912102
2021-04-24T04:24,-1.5912912087912119
2021-04-24T04:25,-1.6612912087912122
2021-04-24T04:26,-1.6962912087912088
2021-04-24T04:27,-1.766291208791209
2021-04-24T04:28,-1.7512912087912085
2021-04-24T04:29,-1.7612912087912136
2021-04-24T04:30,-1.776291208791207
2021-04-24T04:31,-1.8062912087912082
2021-04-24T04:32,-1.8162912087912133
2021-04-24T04:33,-1.8762912087912085
2021-04-24T04:34,-1.861291208791208
2021-04-24T04:35,-1.8662912087912105
2021-04-24T04:36,-1.85129120879121
2021-04-24T04:37,-1.8862912087912136
2021-04-24T04:38,-1.8962912087912116
2021-04-24T04:39,-1.8862912087912136
2021-04-24T04:40,-1.881291208791211
2021-04-24T04:41,-1.8762912087912085
2021-04-24T04:42,-1.8862912087912136
2021-04-24T04:43,-1.881291208791211
2021-04-24T04:44,-1.9062912087912096
2021-04-24T04:45,-1.9312912087912082
2021-04-24T04:46,-1.9712912087912073
2021-04-24T04:47,-1.9812912087912125
2021-04-24T04:48,-2.0112912087912136
2021-04-24T04:49,-2.0412912087912076
2021-04-24T04:50,-2.0712912087912088
2021-04-24T04:51,-2.0862912087912093
2021-04-24T04:52,-2.1262912087912085
2021-04-24T04:53,-2.141291208791209
2021-04-24T04:54,-2.1062912087912125
2021-04-24T04:55,-2.121291208791213
2021-04-24T04:56,-2.0962912087912073
2021-04-24T04:57,-2.141291208791209
2021-04-24T04:58,-2.1562912087912096
2021-04-24T04:59,-2.1262912087912085
2021-04-24T05:00,-2.0762912087912113
2021-04-24T05:01,-2.056291208791208
2021-04-24T05:02,-2.0412912087912076
2021-04-24T05:03,-2.0712912087912088
2021-04-24T05:04,-2.0612912087912107
2021-04-24T05:05,-2.0862912087912093
2021-04-24T05:06,-2.1062912087912125
2021-04-24T05:07,-2.1462912087912116
2021-04-24T05:08,-2.1562912087912096
2021-04-24T05:09,-2.2612912087912136
2021-04-24T05:10,-2.3362912087912093
2021-04-24T05:11,-2.4462912087912088
2021-04-24T05:12,-2.4612912087912093
2021-04-24T05:13,-2.6112912087912115
2021-04-24T05:14,-2.9012912087912106
2021-04-24T05:15,-3.0762912087912113
2021-04-24T05:16,-3.17129120879121
2021-04-24T05:17,-3.3312912087912103
2021-04-24T05:18,-3.3712912087912095
2021-04-24T05:19,-3.4412912087912098
2021-04-24T05:20,-3.5312912087912096
2021-04-24T05:21,-3.6212912087912095
2021-04-24T05:22,-3.596291208791211
2021-04-24T05:23,-3.6462912087912116
2021-04-24T05:24,-3.5612912087912107
2021-04-24T05:25,-3.5012912087912085
2021-04-24T05:26,-3.426291208791209
2021-04-24T05:27,-3.2762912087912106
2021-04-24T05:28,-3.141291208791209
2021-04-24T05:29,-3.0262912087912106
2021-04-24T05:30,-2.891291208791209
2021-04-24T05:31,-2.8312912087912103
2021-04-24T05:32,-2.6812912087912117
2021-04-24T05:33,-2.541291208791211
2021-04-24T05:34,-2.381291208791211
2021-04-24T05:35,-2.29629120879121
2021-04-24T05:36,-2.3112912087912107
2021-04-24T05:37,-2.3712912087912095
2021-04-24T05:38,-2.3962912087912116
2021-04-24T05:39,-2.216291208791212
2021-04-24T05:40,-2.056291208791208
2021-04-24T05:41,-1.9412912087912133
2021-04-24T05:42,-1.8462912087912073
2021-04-24T05:43,-1.6762912087912127
2021-04-24T05:44,-1.5862912087912093
2021-04-24T05:45,-1.496291208791213
2021-04-24T05:46,-1.4112912087912122
2021-04-24T05:47,-1.3462912087912073
2021-04-24T05:48,-1.2912912087912076
2021-04-24T05:49,-1.22629120879121
2021-04-24T05:50,-1.1662912087912076
2021-04-24T05:51,-1.0662912087912133
2021-04-24T05:52,-1.0212912087912116
2021-04-24T05:53,-0.9762912087912099
2021-04-24T05:54,-0.9112912087912122
2021-04-24T05:55,-0.8662912087912105
2021-04-24T05:56,-0.8012912087912127
2021-04-24T05:57,-0.756291208791211
2021-04-24T05:58,-0.7112912087912093
2021-04-24T05:59,-0.6612912087912122
2021-04-24T06:00,-0.6112912087912079
2021-04-24T06:01,-0.5712912087912088
2021-04-24T06:02,-0.526291208791207
2021-04-24T06:03,-0.506291208791211
2021-04-24T06:04,-0.47129120879120734
2021-04-24T06:05,-0.4762912087912099
2021-04-24T06:06,-0.5662912087912133
2021-04-24T06:07,-0.6862912087912107
2021-04-24T06:08,-0.8412912087912119
2021-04-24T06:09,-0.9912912087912105
2021-04-24T06:10,-1.10129120879121
2021-04-24T06:11,-1.1862912087912107
2021-04-24T06:12,-1.2862912087912122
2021-04-24T06:13,-1.3312912087912068
2021-04-24T06:14,-1.4062912087912096
2021-04-24T06:15,-1.4912912087912105
2021-04-24T06:16,-1.5362912087912122
2021-04-24T06:17,-1.5462912087912102
2021-04-24T06:18,-1.5462912087912102
2021-04-24T06:19,-1.5412912087912076
2021-04-24T06:20,-1.5312912087912096
2021-04-24T06:21,-1.4812912087912125
2021-04-24T06:22,-1.4612912087912093
2021-04-24T06:23,-1.4362912087912107
2021-04-24T06:24,-1.4062912087912096
2021-04-24T06:25,-1.4112912087912122
2021-04-24T06:26,-1.3862912087912136
2021-04-24T06:27,-1.4262912087912127
2021-04-24T06:28,-1.4362912087912107
2021-04-24T06:29,-1.4162912087912076
2021-04-24T06:30,-1.3862912087912136
2021-04-24T06:31,-1.3762912087912085
2021-04-24T06:32,-1.3762912087912085
2021-04-24T06:33,-1.391291208791209
2021-04-24T06:34,-1.381291208791211
2021-04-24T06:35,-1.391291208791209
2021-04-24T06:36,-1.3362912087912093
2021-04-24T06:37,-1.3112912087912107
2021-04-24T06:38,-1.3062912087912082
2021-04-24T06:39,-1.2812912087912096
2021-04-24T06:40,-1.276291208791207
2021-04-24T06:41,-1.276291208791207
2021-04-24T06:42,-1.2612912087912136
2021-04-24T06:43,-1.2512912087912085
2021-04-24T06:44,-1.2312912087912125
2021-04-24T06:45,-1.2162912087912119
2021-04-24T06:46,-1.2062912087912068
2021-04-24T06:47,-1.1912912087912133
2021-04-24T06:48,-0.9312912087912082
2021-04-24T06:49,-0.8262912087912113
2021-04-24T06:50,-0.766291208791209
2021-04-24T06:51,-0.6962912087912088
2021-04-24T06:52,-0.6662912087912076
2021-04-24T06:53,-0.6162912087912105
2021-04-24T06:54,-0.6012912087912099
2021-04-24T06:55,-0.5462912087912102
2021-04-24T06:56,-0.5362912087912122
2021-04-24T06:57,-0.526291208791207
2021-04-24T06:58,-0.506291208791211
2021-04-24T06:59,-0.48129120879121245
2021-04-24T07:00,-0.47129120879120734
2021-04-24T07:01,-0.46129120879120933
2021-04-24T07:02,-0.47129120879120734
2021-04-24T07:03,-0.4762912087912099
2021-04-24T07:04,-0.4862912087912079
2021-04-24T07:05,-0.4762912087912099
2021-04-24T07:06,-0.4662912087912119
2021-04-24T07:07,-0.4762912087912099
2021-04-24T07:08,-0.5112912087912136
2021-04-24T07:09,-0.5012912087912085
2021-04-24T07:10,-0.5012912087912085
2021-04-24T07:11,-0.5012912087912085
2021-04-24T07:12,-0.516291208791209
2021-04-24T07:13,-0.5112912087912136
2021-04-24T07:14,-0.516291208791209
2021-04-24T07:15,-0.526291208791207
2021-04-24T07:16,-0.5412912087912076
2021-04-24T07:17,-0.5362912087912122
2021-04-24T07:18,-0.5412912087912076
2021-04-24T07:19,-0.5612912087912107
2021-04-24T07:20,-0.5562912087912082
2021-04-24T07:21,-0.5512912087912127
2021-04-24T07:22,-0.5562912087912082
2021-04-24T07:23,-0.5612912087912107
2021-04-24T07:24,-0.5662912087912133
2021-04-24T07:25,-0.5612912087912107
2021-04-24T07:26,-0.5712912087912088
2021-04-24T07:27,-0.5512912087912127
2021-04-24T07:28,-0.5562912087912082
2021-04-24T07:29,-0.5612912087912107
2021-04-24T07:30,-0.6612912087912122
2021-04-24T07:31,-0.7862912087912122
2021-04-24T07:32,-0.881291208791211
2021-04-24T07:33,-0.9662912087912119
2021-04-24T07:34,-1.0462912087912102
2021-04-24T07:35,-1.1262912087912085
2021-04-24T07:36,-1.1712912087912102
2021-04-24T07:37,-1.2112912087912093
2021-04-24T07:38,-1.2612912087912136
2021-04-24T07:39,-1.2812912087912096
2021-04-24T07:40,-1.3062912087912082
2021-04-24T07:41,-1.3462912087912073
2021-04-24T07:42,-1.2862912087912122
2021-04-24T07:43,-1.1662912087912076
2021-04-24T07:44,-1.0512912087912127
2021-04-24T07:45,-1.0312912087912096
2021-04-24T07:46,-0.9662912087912119
2021-04-24T07:47,-0.9412912087912133
2021-04-24T07:48,-0.9212912087912102
2021-04-24T07:49,-0.8862912087912136
2021-04-24T07:50,-0.881291208791211
2021-04-24T07:51,-0.8662912087912105
2021-04-24T07:52,-0.8462912087912073
2021-04-24T07:53,-0.8312912087912068
2021-04-24T07:54,-0.8662912087912105
2021-04-24T07:55,-0.9262912087912127
2021-04-24T07:56,-0.9612912087912093
2021-04-24T07:57,-1.0412912087912076
2021-04-24T07:58,-1.0712912087912088
2021-04-24T07:59,-1.1162912087912105
2021-04-24T08:00,-1.1362912087912136
2021-04-24T08:01,-1.1612912087912122
2021-04-24T08:02,-1.1612912087912122
2021-04-24T08:03,-1.1612912087912122
2021-04-24T08:04,-1.1812912087912082
2021-04-24T08:05,-1.1712912087912102
2021-04-24T08:06,-1.1812912087912082
2021-04-24T08:07,-1.1962912087912088
2021-04-24T08:08,-1.22629120879121
2021-04-24T08:09,-1.256291208791211
2021-04-24T08:10,-1.2412912087912105
2021-04-24T08:11,-1.266291208791209
2021-04-24T08:12,-1.3312912087912068
2021-04-24T08:13,-1.3662912087912105
2021-04-24T08:14,-1.4062912087912096
2021-04-24T08:15,-1.4412912087912133
2021-04-24T08:16,-1.4712912087912073
2021-04-24T08:17,-1.506291208791211
2021-04-24T08:18,-1.5312912087912096
2021-04-24T08:19,-1.5712912087912088
2021-04-24T08:20,-1.6062912087912125
2021-04-24T08:21,-1.641291208791209
2021-04-24T08:22,-1.6462912087912116
2021-04-24T08:23,-1.6712912087912102
2021-04-24T08:24,-1.6762912087912127
2021-04-24T08:25,-1.6962912087912088
2021-04-24T08:26,-1.7112912087912093
2021-04-24T08:27,-1.7312912087912125
2021-04-24T08:28,-1.72629120879121
2021-04-24T08:29,-1.7312912087912125
2021-04-24T08:30,-1.6662912087912076
2021-04-24T08:31,-1.5712912087912088
2021-04-24T08:32,-1.496291208791213
2021-04-24T08:33,-1.4212912087912102
2021-04-24T08:34,-1.3762912087912085
2021-04-24T08:35,-1.3262912087912113
2021-04-24T08:36,-1.3112912087912107
2021-04-24T08:37,-1.3162912087912133
2021-04-24T08:38,-1.3112912087912107
2021-04-24T08:39,-1.3112912087912107
2021-04-24T08:40,-1.2812912087912096
2021-04-24T08:41,-1.3062912087912082
2021-04-24T08:42,-1.3012912087912127
2021-04-24T08:43,-1.3012912087912127
2021-04-24T08:44,-1.2912912087912076
2021-04-24T08:45,-1.2812912087912096
2021-04-24T08:46,-1.2712912087912116
2021-04-24T08:47,-1.2812912087912096
2021-04-24T08:48,-1.2962912087912102
2021-04-24T08:49,-1.2412912087912105
2021-04-24T08:50,-1.1762912087912127
2021-04-24T08:51,-1.10129120879121
2021-04-24T08:52,-1.0312912087912096
2021-04-24T08:53,-0.9612912087912093
2021-04-24T08:54,-0.9162912087912076
2021-04-24T08:55,-0.871291208791213
2021-04-24T08:56,-0.8962912087912116
2021-04-24T08:57,-0.8212912087912088
2021-04-24T08:58,-0.7262912087912099
2021-04-24T08:59,-0.6562912087912096
2021-04-24T09:00,-0.641291208791209
2021-04-24T09:01,-0.6112912087912079
2021-04-24T09:02,-0.5662912087912133
2021-04-24T09:03,-0.5512912087912127
2021-04-24T09:04,-0.5612912087912107
2021-04-24T09:05,-0.5562912087912082
2021-04-24T09:06,-0.5612912087912107
2021-04-24T09:07,-0.526291208791207
2021-04-24T09:08,-0.526291208791207
2021-04-24T09:09,-0.5312912087912096
2021-04-24T09:10,-0.6762912087912127
2021-04-24T09:11,-0.7262912087912099
2021-04-24T09:12,-0.776291208791207
2021-04-24T09:13,-0.871291208791213
2021-04-24T09:14,-0.9162912087912076
2021-04-24T09:15,-0.9712912087912073
2021-04-24T09:16,-1.0012912087912085
2021-04-24T09:17,-1.0462912087912102
2021-04-24T09:18,-1.0712912087912088
2021-04-24T09:19,-1.0862912087912093
2021-04-24T09:20,-1.0862912087912093
2021-04-24T09:21,-1.0962912087912073
2021-04-24T09:22,-1.0662912087912133
2021-04-24T09:23,-1.016291208791209
2021-04-24T09:24,-0.9662912087912119
2021-04-24T09:25,-0.9062912087912096
2021-04-24T09:26,-0.8512912087912099
2021-04-24T09:27,-0.8112912087912107
2021-04-24T09:28,-0.7712912087912116
2021-04-24T09:29,-0.766291208791209
2021-04-24T09:30,-0.766291208791209
2021-04-24T09:31,-0.7612912087912136
2021-04-24T09:32,-0.7512912087912085
2021-04-24T09:33,-0.756291208791211
2021-04-24T09:34,-0.7412912087912105
2021-04-24T09:35,-0.756291208791211
2021-04-24T09:36,-0.7362912087912079
2021-04-24T09:37,-0.7412912087912105
2021-04-24T09:38,-0.7512912087912085
2021-04-24T09:39,-0.7312912087912125
2021-04-24T09:40,-0.746291208791213
2021-04-24T09:41,-0.7412912087912105
2021-04-24T09:42,-0.7312912087912125
2021-04-24T09:43,-0.7412912087912105
2021-04-24T09:44,-0.7362912087912079
2021-04-24T09:45,-0.7312912087912125
2021-04-24T09:46,-0.7862912087912122
2021-04-24T09:47,-0.8362912087912093
2021-04-24T09:48,-0.8162912087912133
2021-04-24T09:49,-0.8062912087912082
2021-04-24T09:50,-0.8512912087912099
2021-04-24T09:51,-0.901291208791207
2021-04-24T09:52,-0.9412912087912133
2021-04-24T09:53,-0.9762912087912099
2021-04-24T09:54,-1.026291208791207
2021-04-24T09:55,-1.0462912087912102
2021-04-24T09:56,-1.0712912087912088
2021-04-24T09:57,-1.111291208791208
2021-04-24T09:58,-1.1562912087912096
2021-04-24T09:59,-1.1712912087912102
2021-04-24T10:00,-1.1962912087912088
2021-04-24T10:01,-1.2112912087912093
2021-04-24T10:02,-1.2512912087912085
2021-04-24T10:03,-1.256291208791211
2021-04-24T10:04,-1.2612912087912136
2021-04-24T10:05,-1.2962912087912102
2021-04-24T10:06,-1.3112912087912107
2021-04-24T10:07,-1.3312912087912068
2021-04-24T10:08,-1.3362912087912093
2021-04-24T10:09,-1.3562912087912125
2021-04-24T10:10,-1.3462912087912073
2021-04-24T10:11,-1.3762912087912085
2021-04-24T10:12,-1.3862912087912136
2021-04-24T10:13,-1.391291208791209
2021-04-24T10:14,-1.3962912087912116
2021-04-24T10:15,-1.401291208791207
2021-04-24T10:16,-1.4212912087912102
2021-04-24T10:17,-1.4262912087912127
2021-04-24T10:18,-1.4212912087912102
2021-04-24T10:19,-1.381291208791211
2021-04-24T10:20,-1.3662912087912105
2021-04-24T10:21,-1.3262912087912113
2021-04-24T10:22,-1.3212912087912088
2021-04-24T10:23,-1.3562912087912125
2021-04-24T10:24,-1.3862912087912136
2021-04-24T10:25,-1.3662912087912105
2021-04-24T10:26,-1.35129120879121
2021-04-24T10:27,-1.3212912087912088
2021-04-24T10:28,-1.3012912087912127
2021-04-24T10:29,-1.2812912087912096
2021-04-24T10:30,-1.2512912087912085
2021-04-24T10:31,-1.2412912087912105
2021-04-24T10:32,-1.2212912087912073
2021-04-24T10:33,-1.2162912087912119
2021-04-24T10:34,-1.2012912087912113
2021-04-24T10:35,-1.1662912087912076
2021-04-24T10:36,-1.1262912087912085
2021-04-24T10:37,-1.0962912087912073
2021-04-24T10:38,-1.0962912087912073
2021-04-24T10:39,-1.0112912087912136
2021-04-24T10:40,-0.9762912087912099
2021-04-24T10:41,-0.9312912087912082
2021-04-24T10:42,-0.901291208791207
2021-04-24T10:43,-0.901291208791207
2021-04-24T10:44,-0.881291208791211
2021-04-24T10:45,-0.8362912087912093
2021-04-24T10:46,-0.8162912087912133
2021-04-24T10:47,-0.776291208791207
2021-04-24T10:48,-0.7712912087912116
2021-04-24T10:49,-0.7362912087912079
2021-04-24T10:50,-0.7162912087912119
2021-04-24T10:51,-0.7012912087912113
2021-04-24T10:52,-0.6962912087912088
2021-04-24T10:53,-0.6762912087912127
2021-04-24T10:54,-0.6762912087912127
2021-04-24T10:55,-0.6562912087912096
2021-04-24T10:56,-0.6462912087912116
2021-04-24T10:57,-0.6662912087912076
2021-04-24T10:58,-0.6662912087912076
2021-04-24T10:59,-0.6862912087912107
2021-04-24T11:00,-0.7112912087912093
2021-04-24T11:01,-0.7012912087912113
2021-04-24T11:02,-0.746291208791213
2021-04-24T11:03,-0.7862912087912122
2021-04-24T11:04,-0.7812912087912096
2021-04-24T11:05,-0.7862912087912122
2021-04-24T11:06,-0.7712912087912116
2021-04-24T11:07,-0.7812912087912096
2021-04-24T11:08,-0.7862912087912122
2021-04-24T11:09,-0.7962912087912102
2021-04-24T11:10,-0.7912912087912076
2021-04-24T11:11,-0.8012912087912127
2021-04-24T11:12,-0.7962912087912102
2021-04-24T11:13,-0.8012912087912127
2021-04-24T11:14,-0.8212912087912088
2021-04-24T11:15,-0.8262912087912113
2021-04-24T11:16,-0.8212912087912088
2021-04-24T11:17,-0.8312912087912068
2021-04-24T11:18,-0.8162912087912133
2021-04-24T11:19,-0.8412912087912119
2021-04-24T11:20,-0.8312912087912068
2021-04-24T11:21,-0.8362912087912093
2021-04-24T11:22,-0.9112912087912122
2021-04-24T11:23,-0.9412912087912133
2021-04-24T11:24,-1.0112912087912136
2021-04-24T11:25,-1.0612912087912107
2021-04-24T11:26,-1.1462912087912116
2021-04-24T11:27,-1.2312912087912125
2021-04-24T11:28,-1.2812912087912096
2021-04-24T11:29,-1.3362912087912093
2021-04-24T11:30,-1.4162912087912076
2021-04-24T11:31,-1.4712912087912073
2021-04-24T11:32,-1.526291208791207
2021-04-24T11:33,-1.5962912087912073
2021-04-24T11:34,-1.6362912087912136
2021-04-24T11:35,-1.6762912087912127
2021-04-24T11:36,-1.7112912087912093
2021-04-24T11:37,-1.7612912087912136
2021-04-24T11:38,-1.7862912087912122
2021-04-24T11:39,-1.8262912087912113
2021-04-24T11:40,-1.85129120879121
2021-04-24T11:41,-1.891291208791209
2021-04-24T11:42,-1.9362912087912107
2021-04-24T11:43,-1.9662912087912119
2021-04-24T11:44,-1.9812912087912125
2021-04-24T11:45,-1.986291208791208
2021-04-24T11:46,-2.006291208791211
2021-04-24T11:47,-1.9912912087912105
2021-04-24T11:48,-1.996291208791213
2021-04-24T11:49,-1.986291208791208
2021-04-24T11:50,-1.9712912087912073
2021-04-24T11:51,-1.9612912087912093
2021-04-24T11:52,-1.9562912087912068
2021-04-24T11:53,-1.9712912087912073
2021-04-24T11:54,-1.9562912087912068
2021-04-24T11:55,-1.9262912087912127
2021-04-24T11:56,-1.9312912087912082
2021-04-24T11:57,-1.8962912087912116
2021-04-24T11:58,-1.9062912087912096
2021-04-24T11:59,-1.8962912087912116
2021-04-24T12:00,-1.8762912087912085
2021-04-24T12:01,-1.8662912087912105
2021-04-24T12:02,-1.8462912087912073
2021-04-24T12:03,-1.8262912087912113
2021-04-24T12:04,-1.776291208791207
2021-04-24T12:05,-1.7912912087912076
2021-04-24T12:06,-1.8062912087912082
2021-04-24T12:07,-1.8762912087912085
2021-04-24T12:08,-1.8012912087912127
2021-04-24T12:09,-1.7812912087912096
2021-04-24T12:10,-1.746291208791213
2021-04-24T12:11,-1.7312912087912125
2021-04-24T12:12,-1.7312912087912125
2021-04-24T12:13,-1.7512912087912085
2021-04-24T12:14,-1.736291208791208
2021-04-24T12:15,-1.7512912087912085
2021-04-24T12:16,-1.7962912087912102
2021-04-24T12:17,-1.7812912087912096
2021-04-24T12:18,-1.72629120879121
2021-04-24T12:19,-1.7312912087912125
2021-04-24T12:20,-1.7312912087912125
2021-04-24T12:21,-1.8062912087912082
2021-04-24T12:22,-1.8212912087912088
2021-04-24T12:23,-1.7862912087912122
2021-04-24T12:24,-1.7862912087912122
2021-04-24T12:25,-1.8012912087912127
2021-04-24T12:26,-1.85129120879121
2021-04-24T12:27,-1.85129120879121
2021-04-24T12:28,-1.8362912087912093
2021-04-24T12:29,-1.8562912087912125
2021-04-24T12:30,-1.7312912087912125
2021-04-24T12:31,-1.6912912087912133
2021-04-24T12:32,-1.746291208791213
2021-04-24T12:33,-1.7162912087912119
2021-04-24T12:34,-1.651291208791207
2021-04-24T12:35,-1.6662912087912076
2021-04-24T12:36,-1.6762912087912127
2021-04-24T12:37,-1.6612912087912122
2021-04-24T12:38,-1.6712912087912102
2021-04-24T12:39,-1.7012912087912113
2021-04-24T12:40,-1.7212912087912073
2021-04-24T12:41,-1.6712912087912102
2021-04-24T12:42,-1.5962912087912073
2021-04-24T12:43,-1.5212912087912116
2021-04-24T12:44,-1.4612912087912093
2021-04-24T12:45,-1.4362912087912107
2021-04-24T12:46,-1.526291208791207
2021-04-24T12:47,-1.4712912087912073
2021-04-24T12:48,-1.5412912087912076
2021-04-24T12:49,-1.6062912087912125
2021-04-24T12:50,-1.7812912087912096
2021-04-24T12:51,-1.861291208791208
2021-04-24T12:52,-1.986291208791208
2021-04-24T12:53,-2.016291208791209
2021-04-24T12:54,-2.1162912087912105
2021-04-24T12:55,-2.151291208791207
2021-04-24T12:56,-2.2512912087912085
2021-04-24T12:57,-2.381291208791211
2021-04-24T12:58,-2.5862912087912093
2021-04-24T12:59,-2.6562912087912096
2021-04-24T13:00,-2.7012912087912113
2021-04-24T13:01,-2.6212912087912095
2021-04-24T13:02,-2.4862912087912115
2021-04-24T13:03,-2.416291208791211
2021-04-24T13:04,-2.3712912087912095
2021-04-24T13:05,-2.3162912087912098
2021-04-24T13:06,-2.2712912087912116
2021-04-24T13:07,-2.236291208791208
2021-04-24T13:08,-2.1762912087912127
2021-04-24T13:09,-2.141291208791209
2021-04-24T13:10,-2.2012912087912113
2021-04-24T13:11,-2.216291208791212
2021-04-24T13:12,-2.236291208791208
2021-04-24T13:13,-2.1912912087912133
2021-04-24T13:14,-2.131291208791211
2021-04-24T13:15,-2.0712912087912088
2021-04-24T13:16,-2.016291208791209
2021-04-24T13:17,-1.9612912087912093
2021-04-24T13:18,-1.8662912087912105
2021-04-24T13:19,-1.766291208791209
2021-04-24T13:20,-1.72629120879121
2021-04-24T13:21,-1.7962912087912102
2021-04-24T13:22,-1.8862912087912136
2021-04-24T13:23,-2.0112912087912136
2021-04-24T13:24,-2.1762912087912127
2021-04-24T13:25,-2.3312912087912103
2021-04-24T13:26,-2.356291208791209
2021-04-24T13:27,-2.3162912087912098
2021-04-24T13:28,-2.216291208791212
2021-04-24T13:29,-2.1562912087912096
2021-04-24T13:30,-2.1162912087912105
2021-04-24T13:31,-2.0862912087912093
2021-04-24T13:32,-2.0012912087912085
2021-04-24T13:33,-1.9312912087912082
2021-04-24T13:34,-1.85129120879121
2021-04-24T13:35,-1.641291208791209
2021-04-24T13:36,-1.611291208791208
2021-04-24T13:37,-1.651291208791207
2021-04-24T13:38,-1.6462912087912116
2021-04-24T13:39,-1.631291208791211
2021-04-24T13:40,-1.6462912087912116
2021-04-24T13:41,-1.4212912087912102
2021-04-24T13:42,-1.246291208791213
2021-04-24T13:43,-1.0912912087912119
2021-04-24T13:44,-1.0462912087912102
2021-04-24T13:45,-1.0462912087912102
2021-04-24T13:46,-1.1162912087912105
2021-04-24T13:47,-1.1612912087912122
2021-04-24T13:48,-1.1612912087912122
2021-04-24T13:49,-1.0462912087912102
2021-04-24T13:50,-1.0312912087912096
2021-04-24T13:51,-1.1862912087912107
2021-04-24T13:52,-1.246291208791213
2021-04-24T13:53,-1.3462912087912073
2021-04-24T13:54,-1.2612912087912136
2021-04-24T13:55,-1.4212912087912102
2021-04-24T13:56,-1.8362912087912093
2021-04-24T13:57,-2.356291208791209
2021-04-24T13:58,-2.4962912087912095
2021-04-24T13:59,-2.4912912087912105
2021-04-24T14:00,-2.4512912087912113
2021-04-24T14:01,-2.3612912087912115
2021-04-24T14:02,-2.2612912087912136
2021-04-24T14:03,-2.1762912087912127
2021-04-24T14:04,-2.0862912087912093
2021-04-24T14:05,-1.996291208791213
2021-04-24T14:06,-2.006291208791211
2021-04-24T14:07,-1.9812912087912125
2021-04-24T14:08,-1.861291208791208
2021-04-24T14:09,-1.85129120879121
2021-04-24T14:10,-1.7812912087912096
2021-04-24T14:11,-1.766291208791209
2021-04-24T14:12,-1.8162912087912133
2021-04-24T14:13,-1.8562912087912125
2021-04-24T14:14,-1.8462912087912073
2021-04-24T14:15,-1.7862912087912122
2021-04-24T14:16,-1.7512912087912085
2021-04-24T14:17,-1.6912912087912133
2021-04-24T14:18,-1.7012912087912113
2021-04-24T14:19,-1.7062912087912068
2021-04-24T14:20,-1.7012912087912113
2021-04-24T14:21,-1.7012912087912113
2021-04-24T14:22,-1.7212912087912073
2021-04-24T14:23,-1.7212912087912073
2021-04-24T14:24,-1.7112912087912093
2021-04-24T14:25,-1.60129120879121
2021-04-24T14:26,-1.506291208791211
2021-04-24T14:27,-1.4362912087912107
2021-04-24T14:28,-1.5662912087912133
2021-04-24T14:29,-1.7112912087912093
2021-04-24T14:30,-1.736291208791208
2021-04-24T14:31,-1.8062912087912082
2021-04-24T14:32,-1.8662912087912105
2021-04-24T14:33,-1.9912912087912105
2021-04-24T14:34,-2.1162912087912105
2021-04-24T14:35,-2.216291208791212
2021-04-24T14:36,-2.2712912087912116
2021-04-24T14:37,-2.4012912087912106
2021-04-24T14:38,-2.4412912087912098
2021-04-24T14:39,-2.51129120879121
2021-04-24T14:40,-2.60129120879121
2021-04-24T14:41,-2.72629120879121
2021-04-24T14:42,-2.9462912087912088
2021-04-24T14:43,-3.3662912087912105
2021-04-24T14:44,-3.541291208791211
2021-04-24T14:45,-3.5862912087912093
2021-04-24T14:46,-3.6162912087912105
2021-04-24T14:47,-3.4912912087912105
2021-04-24T14:48,-3.3662912087912105
2021-04-24T14:49,-3.291291208791211
2021-04-24T14:50,-3.1462912087912116
2021-04-24T14:51,-2.9862912087912115
2021-04-24T14:52,-2.9062912087912096
2021-04-24T14:53,-2.981291208791209
2021-04-24T14:54,-2.9912912087912105
2021-04-24T14:55,-3.016291208791209
2021-04-24T14:56,-2.9912912087912105
2021-04-24T14:57,-2.9412912087912098
2021-04-24T14:58,-2.92129120879121
2021-04-24T14:59,-2.9512912087912113
2021-04-24T15:00,-2.9862912087912115
2021-04-24T15:01,-3.006291208791211
2021-04-24T15:02,-3.0212912087912116
2021-04-24T15:03,-2.97629120879121
2021-04-24T15:04,-2.92129120879121
2021-04-24T15:05,-2.971291208791211
2021-04-24T15:06,-2.9962912087912095
2021-04-24T15:07,-3.04629120879121
2021-04-24T15:08,-3.0362912087912086
2021-04-24T15:09,-3.0862912087912093
2021-04-24T15:10,-3.13629120879121
2021-04-24T15:11,-3.2062912087912103
2021-04-24T15:12,-3.2062912087912103
2021-04-24T15:13,-3.2062912087912103
2021-04-24T15:14,-3.216291208791212
2021-04-24T15:15,-3.231291208791209
2021-04-24T15:16,-3.231291208791209
2021-04-24T15:17,-3.141291208791209
2021-04-24T15:18,-3.0762912087912113
2021-04-24T15:19,-3.096291208791211
2021-04-24T15:20,-3.106291208791209
2021-04-24T15:21,-3.1512912087912106
2021-04-24T15:22,-3.216291208791212
2021-04-24T15:23,-3.3162912087912098
2021-04-24T15:24,-3.3262912087912113
2021-04-24T15:25,-3.381291208791211
2021-04-24T15:26,-3.3962912087912116
2021-04-24T15:27,-3.4562912087912103
2021-04-24T15:28,-3.4962912087912095
2021-04-24T15:29,-3.5012912087912085
2021-04-24T15:30,-3.5262912087912106
2021-04-24T15:31,-3.516291208791209
2021-04-24T15:32,-3.516291208791209
2021-04-24T15:33,-3.5312912087912096
2021-04-24T15:34,-3.541291208791211
2021-04-24T15:35,-3.5662912087912098
2021-04-24T15:36,-3.596291208791211
2021-04-24T15:37,-3.63629120879121
2021-04-24T15:38,-3.67129120879121
2021-04-24T15:39,-3.7062912087912103
2021-04-24T15:40,-3.6912912087912098
2021-04-24T15:41,-3.666291208791211
2021-04-24T15:42,-3.666291208791211
2021-04-24T15:43,-3.5762912087912113
2021-04-24T15:44,-3.5612912087912107
2021-04-24T15:45,-3.5562912087912117
2021-04-24T15:46,-3.5362912087912086
2021-04-24T15:47,-3.5212912087912116
2021-04-24T15:48,-3.51129120879121
2021-04-24T15:49,-3.47629120879121
2021-04-24T15:50,-3.4912912087912105
2021-04-24T15:51,-3.5262912087912106
2021-04-24T15:52,-3.5712912087912088
2021-04-24T15:53,-3.60129120879121
2021-04-24T15:54,-3.6212912087912095
2021-04-24T15:55,-3.6162912087912105
2021-04-24T15:56,-3.5362912087912086
2021-04-24T15:57,-3.5262912087912106
2021-04-24T15:58,-3.481291208791209
2021-04-24T15:59,-3.4512912087912113
2021-04-24T16:00,-3.3212912087912088
2021-04-24T16:01,-3.266291208791209
2021-04-24T16:02,-3.17129120879121
2021-04-24T16:03,-3.041291208791211
2021-04-24T16:04,-2.9462912087912088
2021-04-24T16:05,-2.9562912087912103
2021-04-24T16:06,-3.0312912087912096
2021-04-24T16:07,-3.04629120879121
2021-04-24T16:08,-3.016291208791209
2021-04-24T16:09,-3.041291208791211
2021-04-24T16:10,-2.97629120879121
2021-04-24T16:11,-2.9612912087912093
2021-04-24T16:12,-2.9112912087912086
2021-04-24T16:13,-2.8312912087912103
2021-04-24T16:14,-2.7862912087912086
2021-04-24T16:15,-2.7862912087912086
2021-04-24T16:16,-2.7462912087912095
2021-04-24T16:17,-2.72629120879121
2021-04-24T16:18,-2.7762912087912106
2021-04-24T16:19,-2.7762912087912106
2021-04-24T16:20,-2.8762912087912085
2021-04-24T16:21,-3.0812912087912103
2021-04-24T16:22,-3.29629120879121
2021-04-24T16:23,-3.7012912087912113
2021-04-24T16:24,-4.13629120879121
2021-04-24T16:25,-4.256291208791211
2021-04-24T16:26,-4.306291208791212
2021-04-24T16:27,-4.446291208791209
2021-04-24T16:28,-4.846291208791211
2021-04-24T16:29,-5.311291208791211
2021-04-24T16:30,-5.95629120879121
2021-04-24T16:31,-6.2462912087912095
2021-04-24T16:32,-6.666291208791211
2021-04-24T16:33,-7.301291208791209
2021-04-24T16:34,-7.811291208791211
2021-04-24T16:35,-7.916291208791211
2021-04-24T16:36,-8.20629120879121
2021-04-24T16:37,-8.43629120879121
2021-04-24T16:38,-8.631291208791211
2021-04-24T16:39,-8.766291208791209
2021-04-24T16:40,-8.87129120879121
2021-04-24T16:41,-8.88629120879121
2021-04-24T16:42,-9.24129120879121
2021-04-24T16:45,-9.21129120879121
2021-04-24T16:46,-8.81129120879121
2021-04-24T16:47,-8.40129120879121
2021-04-24T16:48,-8.15129120879121
2021-04-24T16:49,-8.236291208791211
2021-04-24T16:50,-8.416291208791211
2021-04-24T16:51,-8.92129120879121
2021-04-24T16:52,-9.071291208791209
2021-04-24T16:53,-9.181291208791212
2021-04-24T16:54,-9.146291208791212
2021-04-24T16:55,-8.766291208791209
2021-04-24T16:56,-8.416291208791211
2021-04-24T16:57,-8.12129120879121
2021-04-24T16:58,-7.541291208791211
2021-04-24T16:59,-6.786291208791209
2021-04-24T17:00,-6.131291208791211
2021-04-24T17:01,-6.061291208791211
2021-04-24T17:02,-6.13629120879121
2021-04-24T17:03,-6.056291208791212
2021-04-24T17:04,-5.966291208791212
2021-04-24T17:05,-5.881291208791211
2021-04-24T17:06,-5.731291208791209
2021-04-24T17:07,-6.01129120879121
2021-04-24T17:08,-6.661291208791209
2021-04-24T17:09,-7.196291208791209
2021-04-24T17:10,-7.481291208791209
2021-04-24T17:11,-7.4862912087912115
2021-04-24T17:12,-7.2412912087912105
2021-04-24T17:13,-6.81629120879121
2021-04-24T17:14,-6.4862912087912115
2021-04-24T17:15,-6.266291208791209
2021-04-24T17:16,-6.151291208791211
2021-04-24T17:17,-6.22629120879121
2021-04-24T17:18,-6.44129120879121
2021-04-24T17:19,-6.44129120879121
2021-04-24T17:20,-6.466291208791212
2021-04-24T17:21,-6.426291208791209
2021-04-24T17:22,-6.35129120879121
2021-04-24T17:23,-6.336291208791209
2021-04-24T17:24,-6.256291208791211
2021-04-24T17:25,-6.176291208791209
2021-04-24T17:26,-6.06629120879121
2021-04-24T17:27,-5.94129120879121
2021-04-24T17:28,-5.72629120879121
2021-04-24T17:29,-5.591291208791212
2021-04-24T17:30,-5.54629120879121
2021-04-24T17:31,-5.4912912087912105
2021-04-24T17:32,-5.42129120879121
2021-04-24T17:33,-5.2362912087912115
2021-04-24T17:34,-5.131291208791211
2021-04-24T17:35,-5.096291208791211
2021-04-24T17:36,-5.06629120879121
2021-04-24T17:37,-5.006291208791211
2021-04-24T17:38,-4.951291208791211
2021-04-24T17:39,-4.936291208791211
2021-04-24T17:40,-4.916291208791211
2021-04-24T17:41,-4.90629120879121
2021-04-24T17:42,-4.85129120879121
2021-04-24T17:43,-4.756291208791211
2021-04-24T17:44,-4.69129120879121
2021-04-24T17:45,-4.7412912087912105
2021-04-24T17:46,-4.7412912087912105
2021-04-24T17:47,-4.7412912087912105
2021-04-24T17:48,-4.686291208791211
2021-04-24T17:49,-4.651291208791211
2021-04-24T17:50,-4.661291208791209
2021-04-24T17:51,-4.72629120879121
2021-04-24T17:52,-4.72629120879121
2021-04-24T17:53,-4.711291208791209
2021-04-24T17:54,-4.776291208791211
2021-04-24T17:55,-4.821291208791209
2021-04-24T17:56,-4.776291208791211
2021-04-24T17:57,-4.756291208791211
2021-04-24T17:58,-4.67129120879121
2021-04-24T17:59,-4.6262912087912085
2021-04-24T18:00,-4.466291208791212
2021-04-24T18:01,-4.306291208791212
2021-04-24T18:02,-4.13629120879121
2021-04-24T18:03,-3.9962912087912095
2021-04-24T18:04,-3.8312912087912103
2021-04-24T18:05,-3.7862912087912086
2021-04-24T18:06,-3.7462912087912095
2021-04-24T18:07,-3.666291208791211
2021-04-24T18:08,-3.5662912087912098
2021-04-24T18:09,-3.346291208791211
2021-04-24T18:10,-3.216291208791212
2021-04-24T18:11,-3.0312912087912096
2021-04-24T18:12,-2.841291208791212
2021-04-24T18:13,-2.76129120879121
2021-04-24T18:14,-2.756291208791211
2021-04-24T18:15,-2.631291208791211
2021-04-24T18:16,-2.541291208791211
2021-04-24T18:17,-2.6112912087912115
2021-04-24T18:18,-2.5562912087912117
2021-04-24T18:19,-2.391291208791209
2021-04-24T18:20,-2.3062912087912117
2021-04-24T18:21,-2.35129120879121
2021-04-24T18:22,-2.3712912087912095
2021-04-24T18:23,-2.426291208791209
2021-04-24T18:24,-2.4312912087912117
2021-04-24T18:25,-2.4012912087912106
2021-04-24T18:26,-2.301291208791209
2021-04-24T18:27,-2.256291208791211
2021-04-24T18:28,-2.266291208791209
2021-04-24T18:29,-2.2112912087912093
2021-04-24T18:30,-2.181291208791208
2021-04-24T18:31,-2.131291208791211
2021-04-24T18:32,-2.1062912087912125
2021-04-24T18:33,-2.161291208791212
2021-04-24T18:34,-2.1912912087912133
2021-04-24T18:35,-2.1762912087912127
2021-04-24T18:36,-2.1862912087912107
2021-04-24T18:37,-2.216291208791212
2021-04-24T18:38,-2.2312912087912125
2021-04-24T18:39,-2.22629120879121
2021-04-24T18:40,-2.236291208791208
2021-04-24T18:41,-2.276291208791207
2021-04-24T18:42,-2.3362912087912093
2021-04-24T18:43,-2.38629120879121
2021-04-24T18:44,-2.3762912087912085
2021-04-24T18:45,-2.38629120879121
2021-04-24T18:46,-2.38629120879121
2021-04-24T18:47,-2.416291208791211
2021-04-24T18:48,-2.426291208791209
2021-04-24T18:49,-2.466291208791212
2021-04-24T18:50,-2.466291208791212
2021-04-24T18:51,-2.47629120879121
2021-04-24T18:52,-2.4562912087912103
2021-04-24T18:53,-2.4312912087912117
2021-04-24T18:54,-2.4112912087912086
2021-04-24T18:55,-2.391291208791209
2021-04-24T18:56,-2.4312912087912117
2021-04-24T18:57,-2.4612912087912093
2021-04-24T18:58,-2.4312912087912117
2021-04-24T18:59,-2.4462912087912088
2021-04-24T19:00,-2.5262912087912106
2021-04-24T19:01,-2.596291208791211
2021-04-24T19:02,-2.6462912087912116
2021-04-24T19:03,-2.6912912087912098
2021-04-24T19:04,-2.72629120879121
2021-04-24T19:05,-2.76129120879121
2021-04-24T19:06,-2.76129120879121
2021-04-24T19:07,-2.8062912087912117
2021-04-24T19:08,-2.846291208791211
2021-04-24T19:09,-2.8362912087912093
2021-04-24T19:10,-2.8712912087912095
2021-04-24T19:11,-2.9562912087912103
2021-04-24T19:12,-3.0812912087912103
2021-04-24T19:13,-3.1962912087912088
2021-04-24T19:14,-3.256291208791211
2021-04-24T19:15,-3.3112912087912107
2021-04-24T19:16,-3.356291208791209
2021-04-24T19:17,-3.2462912087912095
2021-04-24T19:18,-3.216291208791212
2021-04-24T19:19,-3.2012912087912113
2021-04-24T19:20,-3.1462912087912116
2021-04-24T19:21,-3.096291208791211
2021-04-24T19:22,-3.0762912087912113
2021-04-24T19:23,-3.0212912087912116
2021-04-24T19:24,-2.9512912087912113
2021-04-24T19:25,-2.9562912087912103
2021-04-24T19:26,-2.9412912087912098
2021-04-24T19:27,-2.981291208791209
2021-04-24T19:28,-2.9962912087912095
2021-04-24T19:29,-2.966291208791212
2021-04-24T19:30,-2.971291208791211
2021-04-24T19:31,-2.9312912087912117
2021-04-24T19:32,-2.97629120879121
2021-04-24T19:33,-3.006291208791211
2021-04-24T19:34,-3.0612912087912107
2021-04-24T19:35,-3.141291208791209
2021-04-24T19:36,-3.1912912087912098
2021-04-24T19:37,-3.1212912087912095
2021-04-24T19:38,-3.016291208791209
2021-04-24T19:39,-2.92129120879121
2021-04-24T19:40,-2.9012912087912106
2021-04-24T19:41,-2.7812912087912096
2021-04-24T19:42,-2.6912912087912098
2021-04-24T19:43,-2.641291208791209
2021-04-24T19:44,-2.7012912087912113
2021-04-24T19:45,-2.8312912087912103
2021-04-24T19:46,-2.76129120879121
2021-04-24T19:47,-2.7062912087912103
2021-04-24T19:48,-2.676291208791209
2021-04-24T19:49,-2.6162912087912105
2021-04-24T19:50,-2.6112912087912115
2021-04-24T19:51,-2.606291208791209
2021-04-24T19:52,-2.63629120879121
2021-04-24T19:53,-2.6162912087912105
2021-04-24T19:54,-2.6562912087912096
2021-04-24T19:55,-2.716291208791212
2021-04-24T19:56,-2.8062912087912117
2021-04-24T19:57,-2.926291208791209
2021-04-24T19:58,-3.0012912087912085
2021-04-24T19:59,-3.0562912087912117
2021-04-24T20:00,-3.1262912087912085
2021-04-24T20:01,-3.17129120879121
2021-04-24T20:02,-3.2412912087912105
2021-04-24T20:03,-3.3062912087912117
2021-04-24T20:04,-3.2812912087912096
2021-04-24T20:05,-3.2362912087912115
2021-04-24T20:06,-3.2412912087912105
2021-04-24T20:07,-3.2712912087912116
2021-04-24T20:08,-3.341291208791212
2021-04-24T20:09,-3.381291208791211
2021-04-24T20:10,-3.471291208791211
2021-04-24T20:11,-3.47629120879121
2021-04-24T20:12,-3.3962912087912116
2021-04-24T20:13,-3.3312912087912103
2021-04-24T20:14,-3.2462912087912095
2021-04-24T20:15,-3.221291208791211
2021-04-24T20:16,-3.17129120879121
2021-04-24T20:17,-3.1262912087912085
2021-04-24T20:18,-2.981291208791209
2021-04-24T20:19,-2.801291208791209
2021-04-24T20:20,-2.6912912087912098
2021-04-24T20:21,-2.6112912087912115
2021-04-24T20:22,-2.51129120879121
2021-04-24T20:23,-2.4562912087912103
2021-04-24T20:24,-2.35129120879121
2021-04-24T20:25,-2.3262912087912113
2021-04-24T20:26,-2.2512912087912085
2021-04-24T20:27,-2.286291208791212
2021-04-24T20:28,-2.2912912087912076
2021-04-24T20:29,-2.301291208791209
2021-04-24T20:30,-2.35129120879121
2021-04-24T20:31,-2.2612912087912136
2021-04-24T20:32,-2.2012912087912113
2021-04-24T20:33,-2.2312912087912125
2021-04-24T20:34,-2.2912912087912076
2021-04-24T20:35,-2.391291208791209
2021-04-24T20:36,-2.4462912087912088
2021-04-24T20:37,-2.481291208791209
2021-04-24T20:38,-2.4312912087912117
2021-04-24T20:39,-2.3662912087912105
2021-04-24T20:40,-2.4312912087912117
2021-04-24T20:41,-2.471291208791211
2021-04-24T20:42,-2.4562912087912103
2021-04-24T20:43,-2.466291208791212
2021-04-24T20:44,-2.4462912087912088
2021-04-24T20:45,-2.2912912087912076
2021-04-24T20:46,-2.181291208791208
2021-04-24T20:47,-2.04629120879121
2021-04-24T20:48,-1.996291208791213
2021-04-24T20:49,-1.9912912087912105
2021-04-24T20:50,-2.016291208791209
2021-04-24T20:51,-2.0412912087912076
2021-04-24T20:52,-2.121291208791213
2021-04-24T20:53,-2.2112912087912093
2021-04-24T20:54,-2.2612912087912136
2021-04-24T20:55,-2.42129120879121
2021-04-24T20:56,-2.5712912087912088
2021-04-24T20:57,-2.516291208791209
2021-04-24T20:58,-2.3712912087912095
2021-04-24T20:59,-2.2112912087912093
2021-04-24T21:00,-1.996291208791213
2021-04-24T21:01,-1.9112912087912122
2021-04-24T21:02,-1.8212912087912088
2021-04-24T21:03,-1.72629120879121
2021-04-24T21:04,-1.5912912087912119
2021-04-24T21:05,-1.3862912087912136
2021-04-24T21:06,-1.3962912087912116
2021-04-24T21:07,-1.3062912087912082
2021-04-24T21:08,-1.121291208791213
2021-04-24T21:09,-1.3462912087912073
2021-04-24T21:10,-1.47629120879121
2021-04-24T21:11,-1.5412912087912076
2021-04-24T21:12,-1.5712912087912088
2021-04-24T21:13,-1.60129120879121
2021-04-24T21:14,-1.7312912087912125
2021-04-24T21:15,-1.9812912087912125
2021-04-24T21:16,-2.1262912087912085
2021-04-24T21:17,-2.2412912087912105
2021-04-24T21:18,-2.3312912087912103
2021-04-24T21:19,-2.4412912087912098
2021-04-24T21:20,-2.6162912087912105
2021-04-24T21:21,-2.666291208791211
2021-04-24T21:22,-2.7812912087912096
2021-04-24T21:23,-2.9462912087912088
2021-04-24T21:24,-3.006291208791211
2021-04-24T21:25,-3.091291208791212
2021-04-24T21:26,-3.0612912087912107
2021-04-24T21:27,-3.0562912087912117
2021-04-24T21:28,-3.051291208791209
2021-04-24T21:29,-3.1162912087912105
2021-04-24T21:30,-3.141291208791209
2021-04-24T21:31,-3.13629120879121
2021-04-24T21:32,-3.131291208791211
2021-04-24T21:33,-3.13629120879121
2021-04-24T21:34,-3.1912912087912098
2021-04-24T21:35,-3.1962912087912088
2021-04-24T21:36,-3.26129120879121
2021-04-24T21:37,-3.2462912087912095
2021-04-24T21:38,-3.2762912087912106
2021-04-24T21:39,-3.221291208791211
2021-04-24T21:40,-3.1112912087912115
2021-04-24T21:41,-3.096291208791211
2021-04-24T21:42,-3.0712912087912088
2021-04-24T21:43,-3.0712912087912088
2021-04-24T21:44,-3.0612912087912107
2021-04-24T21:45,-3.0762912087912113
2021-04-24T21:46,-3.0662912087912098
2021-04-24T21:47,-3.131291208791211
2021-04-24T21:48,-3.231291208791209
2021-04-24T21:49,-3.231291208791209
2021-04-24T21:50,-3.2412912087912105
2021-04-24T21:51,-3.1812912087912117
2021-04-24T21:52,-3.1462912087912116
2021-04-24T21:53,-3.051291208791209
2021-04-24T21:54,-3.006291208791211
2021-04-24T21:55,-3.0712912087912088
2021-04-24T21:56,-3.216291208791212
2021-04-24T21:57,-3.2412912087912105
2021-04-24T21:58,-3.1812912087912117
2021-04-24T21:59,-3.131291208791211
2021-04-24T22:00,-3.0662912087912098
2021-04-24T22:01,-3.0012912087912085
2021-04-24T22:02,-2.916291208791211
2021-04-24T22:03,-2.8712912087912095
2021-04-24T22:04,-2.846291208791211
2021-04-24T22:05,-2.88629120879121
2021-04-24T22:06,-2.9362912087912107
2021-04-24T22:07,-2.9062912087912096
2021-04-24T22:08,-2.85129120879121
2021-04-24T22:09,-2.7712912087912116
2021-04-24T22:10,-2.7362912087912115
2021-04-24T22:11,-2.7062912087912103
2021-04-24T22:12,-2.7462912087912095
2021-04-24T22:13,-2.801291208791209
2021-04-24T22:14,-2.856291208791209
2021-04-24T22:15,-2.8612912087912115
2021-04-24T22:16,-2.9412912087912098
2021-04-24T22:17,-3.131291208791211
2021-04-24T22:18,-3.1462912087912116
2021-04-24T22:19,-3.1812912087912117
2021-04-24T22:20,-3.176291208791209
2021-04-24T22:21,-3.106291208791209
2021-04-24T22:22,-3.0312912087912096
2021-04-24T22:23,-3.0262912087912106
2021-04-24T22:24,-3.04629120879121
2021-04-24T22:25,-3.0562912087912117
2021-04-24T22:26,-3.0612912087912107
2021-04-24T22:27,-3.1512912087912106
2021-04-24T22:28,-3.1812912087912117
2021-04-24T22:29,-3.2012912087912113
2021-04-24T22:30,-3.4112912087912086
2021-04-24T22:31,-3.5762912087912113
2021-04-24T22:32,-3.63629120879121
2021-04-24T22:33,-3.7362912087912115
2021-04-24T22:34,-3.8162912087912098
2021-04-24T22:35,-3.85129120879121
2021-04-24T22:36,-3.801291208791209
2021-04-24T22:37,-3.7062912087912103
2021-04-24T22:38,-3.666291208791211
2021-04-24T22:39,-3.4412912087912098
2021-04-24T22:40,-3.3112912087912107
2021-04-24T22:41,-3.3162912087912098
2021-04-24T22:42,-3.3112912087912107
2021-04-24T22:43,-3.2062912087912103
2021-04-24T22:44,-2.97629120879121
2021-04-24T22:45,-2.676291208791209
2021-04-24T22:46,-2.6512912087912106
2021-04-24T22:47,-2.641291208791209
2021-04-24T22:48,-2.481291208791209
2021-04-24T22:49,-2.416291208791211
2021-04-24T22:50,-2.286291208791212
2021-04-24T22:51,-2.1962912087912088
2021-04-24T22:52,-2.0762912087912113
2021-04-24T22:53,-2.04629120879121
2021-04-24T22:54,-2.2212912087912073
2021-04-24T22:55,-2.286291208791212
2021-04-24T22:56,-2.381291208791211
2021-04-24T22:57,-2.35129120879121
2021-04-24T22:58,-2.3362912087912093
2021-04-24T22:59,-2.216291208791212
2021-04-24T23:00,-2.1262912087912085
2021-04-24T23:01,-1.9812912087912125
2021-04-24T23:02,-1.861291208791208
2021-04-24T23:03,-1.7862912087912122
2021-04-24T23:04,-1.7912912087912076
2021-04-24T23:05,-1.6812912087912082
2021-04-24T23:06,-1.60129120879121
2021-04-24T23:07,-1.6162912087912105
2021-04-24T23:08,-1.611291208791208
2021-04-24T23:09,-1.5762912087912113
2021-04-24T23:10,-1.526291208791207
2021-04-24T23:11,-1.5462912087912102
2021-04-24T23:12,-1.5562912087912082
2021-04-24T23:13,-1.5812912087912068
2021-04-24T23:14,-1.5662912087912133
2021-04-24T23:15,-1.6262912087912085
2021-04-24T23:16,-1.651291208791207
2021-04-24T23:17,-1.6262912087912085
2021-04-24T23:18,-1.4412912087912133
2021-04-24T23:19,-1.4262912087912127
2021-04-24T23:20,-1.361291208791208
2021-04-24T23:21,-1.3862912087912136
2021-04-24T23:22,-1.4362912087912107
2021-04-24T23:23,-1.4412912087912133
2021-04-24T23:24,-1.4462912087912088
2021-04-24T23:25,-1.401291208791207
2021-04-24T23:26,-1.3312912087912068
2021-04-24T23:27,-1.2862912087912122
2021-04-24T23:28,-1.2912912087912076
2021-04-24T23:29,-1.3762912087912085
2021-04-24T23:30,-1.4112912087912122
2021-04-24T23:31,-1.4562912087912068
2021-04-24T23:32,-1.4512912087912113
2021-04-24T23:33,-1.47629120879121
2021-04-24T23:34,-1.6812912087912082
2021-04-24T23:35,-1.7612912087912136
2021-04-24T23:36,-1.8212912087912088
2021-04-24T23:37,-1.8262912087912113
2021-04-24T23:38,-1.9262912087912127
2021-04-24T23:39,-2.0662912087912133
2021-04-24T23:40,-2.181291208791208
2021-04-24T23:41,-2.356291208791209
2021-04-24T23:42,-2.6212912087912095
2021-04-24T23:43,-2.9362912087912107
2021-04-24T23:44,-3.0012912087912085
2021-04-24T23:45,-3.0362912087912086
2021-04-24T23:46,-3.0012912087912085
2021-04-24T23:47,-2.721291208791211
2021-04-24T23:48,-2.47629120879121
2021-04-24T23:49,-2.596291208791211
2021-04-24T23:50,-2.6562912087912096
2021-04-24T23:51,-2.6212912087912095
2021-04-24T23:52,-2.63629120879121
2021-04-24T23:53,-2.666291208791211
2021-04-24T23:54,-2.721291208791211
2021-04-24T23:55,-2.7862912087912086
2021-04-24T23:56,-2.791291208791211
2021-04-24T23:57,-2.8062912087912117
2021-04-24T23:58,-2.76129120879121
2021-04-24T23:59,-2.6562912087912096